<?xml version='1.0' encoding='utf-8'?>
<odoo>
    <data >
        <record id="ghn_order_status_update" model="ir.cron">
            <field name="name">Check GHN order status</field>
            <field name="model_id" ref="model_stock_picking"></field>
            <field name="type">ir.actions.server</field>
            <field name="state">code</field>
            <field name="code">model.check_ghn_order_status()</field>
            <field name="interval_number">1</field>
            <field name="interval_type">hours</field>
            <field name="numbercall">-1</field>
            <field name="doall" eval="False"/>
        </record>
    </data>
</odoo>